coeff,precision,terms,switch_bits,switch_z,switch_theta,grid_index,value_max_u,deriv_max_u,objective,argmax_field,argmax_stratum,argmax_id,argmax_z,below_objective,above_objective,top_objective,prior_objective,prior_rank,tied,next_objective,at_switch_exact_value_u,at_switch_exact_deriv_u,at_switch_series_value_u,at_switch_series_deriv_u
k,f64,8,0x3ff0000000000000,1e0,1e0,1024,1.2088762076224056e0,1.3618440641248368e1,1.3618440641248368e1,deriv,theta:1e0,771,1.1291727895463248e0,1.3618440641248368e1,,1.3618440641248368e1,8.689008451288944e3,691,4,1.4535425196828095e1,4.9004487757582943e-1,1.0184653536540448e1,5.520223720441783e-1,5.769231196330606e-1
a,f64,8,0x3fe7260b83e24841,7.233941627366748e-1,8.505258154439963e-1,1015,2.822622370921484e0,2.579516907180818e1,2.579516907180818e1,deriv,theta:dense,1694,7.07945784384138e-1,3.776503084654141e1,3.778172824934603e1,2.5109043066778474e2,2.2250528439480852e5,1069,1,3.776503084654141e1,6.04619509250256e-1,1.810465734302447e1,4.580013460740131e-1,2.9132918793220174e1
b,f64,8,0x3feede820ba73310,9.646616199111993e-1,9.821718891880378e-1,1023,2.6101666247318667e0,6.3537892681326746e1,6.3537892681326746e1,deriv,theta:1e0,785,1.4295461424630656e0,1.4336273600955553e2,6.435348023708595e1,6.435348023708595e1,1.1587637820706882e6,480,1,6.435348023708595e1,4.368887754657237e0,1.4336273600955553e2,1.614172986750051e0,6.299786119207359e1
c,f64,8,0x3fe1feb33c1c381e,5.623413251903491e-1,7.498942093324559e-1,1008,2.1181591514984923e1,7.3955289560728515e3,7.3955289560728515e3,deriv,theta:1e-1,752,5.577014243744262e-1,9.226898218859389e3,9.203405626527847e3,3.8163821282633155e5,2.7500814936144073e7,487,1,9.203405626527847e3,5.7558784506755124e1,9.226898218859389e3,9.243331270420606e0,7.835919491081165e3
d,f64,8,0x3ff0000000000000,1e0,1e0,1024,1.8509383104643042e1,8.307295036368967e2,8.307295036368967e2,deriv,theta:1e0,784,1.2466762287701674e0,8.307295036368967e2,,8.307295036368967e2,1.1660864512686536e7,538,4,1.0236641615020267e3,3.6510244268129544e0,1.3030622258866558e2,5.514432331963027e-1,2.189578928298736e1
e,f64,7,0x3feede820ba73310,9.646616199111993e-1,9.821718891880378e-1,1023,1.5588061416067464e2,8.687771882940042e3,8.687771882940042e3,deriv,theta:dense,1709,1e0,8.687771882940042e3,9.662322961265752e3,8.687771882940042e3,9.221182724678722e9,657,5,9.662322961265752e3,4.112502010983478e1,2.6525554154271877e3,6.299786119207359e1,9.452192858895212e3
cos_half,f64,2,0x3cf9535aa4296d58,5.623413251903491e-15,7.498942093324559e-8,112,8.440420878958678e-1,1.9535556445629474e0,1.9535556445629474e0,deriv,theta:1e0,806,3.724167440054377e0,1.9535556445629474e0,2.114051735644628e0,1.9535556445629474e0,2.6070145672067014e4,6063,5426,1.96116923108758e0,3.6468878855518305e-1,1.1140517356446276e0,3.6468878855518305e-1,2.114051735644628e0
r,f64,8,0x3f86020a364b1284,1.0746078283213174e-2,1.036632928437698e-1,898,2.282754876639517e0,2.6025843819341594e2,2.6025843819341594e2,deriv,theta:dense,1592,1.709436812898227e-2,2.8344884771496436e2,2.7093249003628665e2,8.818590546689328e15,1.1286709997530073e10,3277,1,2.7093249003628665e2,9.148436290904975e-1,1.8532156507063206e2,1.0815207233134339e0,2.4512534213414258e2
k,f32,5,0x3f800000,1e0,1e0,1024,1.1396368061293227e0,1.2126836136234648e1,1.2126836136234648e1,deriv,theta:1e0@f32,2529,1.9767442e0,1.2126836136234648e1,,1.2126836136234648e1,1.8446351617179498e3,741,8,1.4935911597006973e1,3.8154193514413537e-1,6.9462330483433865e0,3.8154193514413537e-1,7.937889186171572e-1
a,f32,5,0x3f800000,1e0,1e0,1024,2.60480623229529e0,1.2715345525062054e1,1.2715345525062054e1,deriv,theta:1e0@f32,2529,1.9767442e0,1.2715345525062054e1,,1.2715345525062054e1,1.8449309480212708e3,712,8,2.220853418876306e1,1.0677622572895027e0,7.398843850484326e0,8.140534462771963e-2,3.8299876990063826e0
b,f32,5,0x3f800000,1e0,1e0,1024,2.963841020701417e0,5.9242390058740725e1,5.9242390058740725e1,deriv,theta:1e0@f32,2495,1.4295461e0,5.9242390058740725e1,,5.9242390058740725e1,1.141001108753521e6,876,8,7.185881609848543e1,2.963841020701417e0,5.7819637903291294e1,1.301984579383122e0,1.1821409469995527e0
c,f32,4,0x3f800000,1e0,1e0,1024,2.374959546508359e1,1.612254753089976e3,1.612254753089976e3,deriv,theta:dense@f32,3419,1e0,1.612254753089976e3,,1.612254753089976e3,1.8595373590555105e7,1025,30,2.605947881667458e3,1.1343668981942692e1,1.612254753089976e3,3.583706799281748e0,9.918504490222075e2
d,f32,4,0x3f800000,1e0,1e0,1024,1.9849217762953725e1,1.0449845627160194e3,1.0449845627160194e3,deriv,theta:1e0@f32,2480,1.1078119e0,1.0449845627160194e3,,1.0449845627160194e3,1.6534676309600271e7,897,10,1.4124201609680501e3,1.2179150472505487e1,5.347517948054019e2,2.679248991298588e-1,1.0360810896644456e2
e,f32,4,0x3f800000,1e0,1e0,1024,7.812286714685952e1,4.4285331421784695e3,4.4285331421784695e3,deriv,theta:1e0@f32,2487,1.0340241e0,1.2162963969518712e4,,4.4285331421784695e3,8.114675355594935e9,1001,5,1.2162963969518712e4,5.7819637903291294e1,2.0639304156247676e3,1.1821409469995527e0,1.4076745602464888e2
cos_half,f32,2,0x3631472c,2.6416483e-6,1.6253148e-3,667,8.170483788453252e-1,1.8676548828902029e0,1.8676548828902029e0,deriv,theta:1e0@f32,2535,3.6201687e0,1.8676548828902029e0,1.8914269384553024e0,1.8676548828902029e0,1.8676548828902029e0,1,6661,1.8914269384553024e0,4.839284099793845e-1,1.1613095039282948e0,4.839284099793845e-1,1.8815193883788104e0
r,f32,8,0x3e12bd91,1.4330126e-1,3.7855154e-1,970,2.0719517848627165e0,2.665869661957877e1,2.665869661957877e1,deriv,theta:dense@f32,3393,1.4002785e-1,4.260638042170789e1,3.8495388662974605e1,1.6425931645064961e7,2.2943375944372846e2,245,1,3.8495388662974605e1,1.2020607917035468e0,1.653910059909995e1,1.387381529254733e0,3.103740301142636e1
