coeff,precision,terms,switch_bits,switch_z,switch_theta,grid_index,value_max_u,deriv_max_u,objective,argmax_field,argmax_stratum,argmax_id,argmax_z,below_objective,above_objective,top_objective,prior_objective,prior_rank,tied,next_objective,at_switch_exact_value_u,at_switch_exact_deriv_u,at_switch_series_value_u,at_switch_series_deriv_u,grid_lo,grid_hi,term_cap,binding,short_terms,short_switch_bits,short_switch_z,short_grid_index,cost_one,cost_two
k,f64,11,0x40234b1147487fea,9.646616199111993e0,3.105900223624705e0,1087,1.0440879650426402e0,2.6896926681097066e0,2.6896926681097066e0,deriv,theta:pi-1e-2,898,9.806872548017564e0,2.6896926681097066e0,,2.6896926681097066e0,8.689008451288944e3,2679,36,3.044206648407584e0,1.0440879650426402e0,2.6896926681097066e0,1.0440879650426402e0,1.1795389676396497e0,1e-16,1e1,16,domain,5,0x3f7c9548b66b624b,6.978305848598663e-3,886,18689,10607
a,f64,13,0x4020b50e65c5be18,8.353625469578262e0,2.8902639100224503e0,1083,2.223959655638656e0,3.4078383457717867e0,3.4078383457717867e0,deriv,theta:pi-1e-2,898,9.806872548017564e0,3.4078383457717867e0,4.636240932829839e0,3.4078383457717867e0,2.2250528439480852e5,3628,20,3.7794695341936637e0,1.6301691240172755e0,2.2176472006536785e0,2.7068948678778533e0,4.636240932829839e0,1e-16,1e1,16,none,5,0x3f666ee1d8b3520e,2.7384196342643613e-3,860,22048,11712
b,f64,13,0x40234b1147487fea,9.646616199111993e0,3.105900223624705e0,1087,1.7142989082563274e0,5.668554842355219e0,5.668554842355219e0,deriv,theta:pi-1e-5,901,9.869541569336286e0,5.668554842355219e0,,5.668554842355219e0,1.1587637820706882e6,2054,24,6.848283768792276e0,3.386436368112196e-1,1.0504290866318842e0,1.4903445597963454e0,2.567617790600698e0,1e-16,1e1,16,domain,5,0x3f674142c42e0582,2.838735964758755e-3,861,22087,11735
c,f64,16,0x400f64bd999fe9ec,3.9241897584845358e0,1.9809567785503388e0,1062,3.3926626301476173e0,9.447772765454434e1,9.447772765454434e1,deriv,theta:1e0,809,4.91912409590948e0,9.447772765454434e1,1.417765797350244e2,3.767008242269075e7,2.7500814936144073e7,1911,3,1.417765797350244e2,3.7815211006941376e0,9.163099876800212e1,1.0133574835280126e0,1.249799207708359e2,1e-16,1e1,16,terms,6,0x3f896a1677e76d1c,1.2409377607517195e-2,902,26800,12970
d,f64,13,0x40234b1147487fea,9.646616199111993e0,3.105900223624705e0,1087,1.8725213481387972e0,7.902832186623222e0,7.902832186623222e0,deriv,theta:pi-1e-3,899,9.86332221578218e0,7.902832186623222e0,,7.902832186623222e0,1.1660864512686536e7,2162,12,9.337922141197357e0,1.3728819452815464e0,6.937654563461576e0,1.5644948423544225e0,1.0786545331390687e0,1e-16,1e1,16,domain,5,0x3f65a3f024984d68,2.6416483203860926e-3,859,22087,11759
e,f64,12,0x4021f4287a6e0653,8.976871324473143e0,2.996142741004364e0,1085,2.8357053165959805e0,1.9872142825544316e1,1.9872142825544316e1,deriv,theta:pi-1e-7,903,9.869603772770839e0,2.764548804131514e1,2.4585975597723102e1,1.9872142825544316e1,9.221182724678722e9,2375,13,2.4585975597723102e1,1.706833343567343e0,2.764548804131514e1,7.704803317002696e-1,2.4585975597723102e1,1e-16,1e1,16,none,5,0x3f6cdba04a4cc499,3.5226946514731014e-3,867,20376,11241
cos_half,f64,10,0x4014ee953b2f4f99,5.232991146814947e0,2.2875732003183957e0,1070,1.7791082766434974e0,1.7469374133117896e0,1.7791082766434974e0,value,theta:1e0,781,3.539692559632767e0,1.7791082766434974e0,2.327868090229559e0,9.29353354809717e0,2.6070145672067014e4,14831,70,1.9535556445629474e0,7.377381730674148e-2,1.76730953985444e-1,7.377381730674148e-2,1.4240397318489193e0,1e-16,1e1,16,none,5,0x3f756f305d5f8ce6,5.232991146814947e-3,878,16820,10190
r,f64,15,0x3fb6fb1517971255,8.976871324473142e-2,2.996142741004364e-1,957,2.282754876639517e0,3.663742854570427e1,3.663742854570427e1,deriv,theta:dense,1691,1.8522341640677162e-1,3.663742854570427e1,4.11595655296305e1,1.2234549203627484e16,1.1286709997530073e10,7883,11,4.11595655296305e1,2.9038893109720265e-1,1.7416291615191934e1,2.9038893109720265e-1,3.094938808336e1,1e-16,1e1,16,none,5,0x3f0a77662c42a082,5.048065716667471e-5,749,23520,12050
k,f32,7,0x411a588a,9.646616e0,3.1059003e0,1087,1.1549701491341435e0,1.9942779455613127e0,1.9942779455613127e0,deriv,theta:dense@f32,2922,1.0715194e-5,1.9942779455613127e0,,1.9942779455613127e0,1.8446351617179498e3,2539,20,2.2032503873607494e0,7.488815081375315e-1,2.2032503873607494e0,7.488815081375315e-1,9.32032283352973e-1,1e-16,1e1,16,domain,3,0x3b66dd02,3.5226946e-3,867,11893,6673
a,f32,9,0x411a588a,9.646616e0,3.1059003e0,1087,2.0579854310208265e0,2.692028636086276e0,2.692028636086276e0,deriv,theta:1e0@f32,2492,7.862049e0,2.692028636086276e0,,2.692028636086276e0,1.8449309480212708e3,2454,16,2.7587695153067724e0,9.249160119447848e-1,2.7587695153067724e0,2.1508058027514956e0,1.2716796011385767e0,1e-16,1e1,16,domain,3,0x3a83126f,1e-3,832,15291,7851
b,f32,7,0x40f8c1be,7.77365e0,2.7881267e0,1081,1.301984579383122e0,7.765782273480911e0,7.765782273480911e0,deriv,theta:pi-1e-2@f32,2608,9.806873e0,7.765782273480911e0,1.263694595347299e1,7.765782273480911e0,1.141001108753521e6,2761,134,7.800907164637911e0,9.206751534143064e-1,5.247807939672156e0,1.08306303005046e0,1.263694595347299e1,1e-16,1e1,16,none,3,0x3ab530b7,1.3823722e-3,841,11851,6815
c,f32,13,0x410fa144,8.9768715e0,2.9961429e0,1085,1.2484877334573738e0,3.9265516050743e0,3.9265516050743e0,deriv,theta:pi-1e-7@f32,2613,9.869603e0,3.9265516050743e0,4.852136641633002e0,3.9265516050743e0,1.8595373590555105e7,3057,14,4.852136641633002e0,3.1013293316957224e-1,1.464170615805592e0,9.415337040181441e-1,4.852136641633002e0,1e-16,1e1,16,none,4,0x3d399d19,4.5315836e-2,938,22074,8988
d,f32,7,0x411a588a,9.646616e0,3.1059003e0,1087,1.8762573817186103e0,1.2955271511545845e1,1.2955271511545845e1,deriv,theta:pi-1e-3@f32,2609,9.863321e0,1.2955271511545845e1,,1.2955271511545845e1,1.6534676309600271e7,2866,160,1.923159829205089e1,3.8875007010184987e-1,5.570372964225372e0,1.6814928636514657e0,1.6592798216519046e1,1e-16,1e1,16,domain,3,0x3ab530b7,1.3823722e-3,841,11893,6857
e,f32,7,0x410fa144,8.9768715e0,2.9961429e0,1085,2.538165684583726e0,1.564673950333894e1,1.564673950333894e1,deriv,theta:pi-1e-3@f32,2609,9.863321e0,1.564673950333894e1,1.894197155583672e1,1.564673950333894e1,8.114675355594935e9,3009,58,1.894197155583672e1,1.094040719505781e0,1.3798516799302044e1,3.4019695355033663e0,1.894197155583672e1,1e-16,1e1,16,none,3,0x3b211a7e,2.458244e-3,857,11886,6738
cos_half,f32,6,0x409102bc,4.531584e0,2.1287518e0,1066,1.2195768246443892e0,1.5413124165129917e0,1.5413124165129917e0,deriv,theta:1e0@f32,2541,5.6033974e0,1.5413124165129917e0,1.62260738829957e0,1.5694852315416108e1,1.8676548828902029e0,132,84,1.5431924930169836e0,3.8260691336829755e-1,5.625304761837504e-1,9.241489338111056e-1,1.62260738829957e0,1e-16,1e1,16,none,3,0x3afa78f1,1.910953e-3,850,10074,6249
r,f32,15,0x3ec1d181,3.785515e-1,6.152654e-1,997,2.3645725053943423e0,1.0414390269290626e1,1.0414390269290626e1,deriv,theta:1e0@f32,2504,4.6937254e-1,1.0414390269290626e1,5.0307641217726534e1,2.2788626017548878e7,2.2943375944372846e2,968,6,1.5383873096470596e1,1.0972319040626253e0,1.204575983232052e0,1.0972319040626253e0,5.0307641217726534e1,1e-16,1e1,16,none,4,0x3ac2b561,1.485508e-3,843,24585,9911
